fold,epoch,train.mae_xy_radial,train.mae_dbh,train.rmse_x,train.rmse_y,train.rmse_dbh,train.xy_loss_unweighted,train.xy_mean_euclidean_error,train.dbh_loss_unweighted,train.xy_loss_weighted,train.dbh_loss_weighted,train.total_loss,train.loss,val.mae_xy_radial,val.mae_dbh,val.rmse_x,val.rmse_y,val.rmse_dbh,val.xy_loss_unweighted,val.xy_mean_euclidean_error,val.dbh_loss_unweighted,val.xy_loss_weighted,val.dbh_loss_weighted,val.total_loss,val.loss
1,1,1.2687488794326782,0.21139805018901825,2.372048854827881,1.833164095878601,0.2937655448913574,8.987105369567871,1.2687488794326782,0.041734810918569565,8.987105369567871,0.041734810918569565,9.028840065002441,9.02884082478213,1.2638019323349,0.12965412437915802,2.4683046340942383,1.1811273097991943,0.16926707327365875,7.487588405609131,1.2638019323349,0.014325669966638088,7.487588405609131,0.014325669966638088,7.501914024353027,7.50191526155214
1,2,1.2463064193725586,0.15644976496696472,2.396855115890503,1.731307864189148,0.21377991139888763,8.742341995239258,1.2463064193725586,0.022797705605626106,8.742341995239258,0.022797705605626106,8.76513957977295,8.765138876007263,1.328677773475647,0.10562556982040405,3.088069438934326,1.0924739837646484,0.1451328843832016,10.729673385620117,1.328677773475647,0.010531778447329998,10.729673385620117,0.010531778447329998,10.740204811096191,10.740204862646154
1,3,1.2185566425323486,0.14358316361904144,2.419391393661499,1.7882270812988281,0.20405712723731995,9.051210403442383,1.2185566425323486,0.020627763122320175,9.051210403442383,0.020627763122320175,9.07183837890625,9.071837630616614,1.2500689029693604,0.09085284918546677,2.7713611125946045,1.0397570133209229,0.1261262744665146,8.761537551879883,1.2500689029693604,0.007953918538987637,8.761537551879883,0.007953918538987637,8.769491195678711,8.769490448204246
1,4,1.1949187517166138,0.13433298468589783,2.3452773094177246,1.7570033073425293,0.18675267696380615,8.587386131286621,1.1949187517166138,0.01741453818976879,8.587386131286621,0.01741453818976879,8.6048002243042,8.604801272771445,1.2603557109832764,0.08954323083162308,2.7075135707855225,1.0023142099380493,0.12859678268432617,8.3352632522583,1.2603557109832764,0.008268565870821476,8.3352632522583,0.008268565870821476,8.343531608581543,8.343531118856895
1,5,1.1917544603347778,0.13290154933929443,2.3447818756103516,1.728115200996399,0.18149377405643463,8.484383583068848,1.1917544603347778,0.016458559781312943,8.484383583068848,0.016458559781312943,8.500842094421387,8.500842202140625,1.19381582736969,0.11458820849657059,2.395056962966919,1.0447194576263428,0.15576057136058807,6.827736854553223,1.19381582736969,0.0121306786313653,6.827736854553223,0.0121306786313653,6.83986759185791,6.839867346995586
1,6,1.1996735334396362,0.13285253942012787,2.3637397289276123,1.6822274923324585,0.17581582069396973,8.417154312133789,1.1996735334396362,0.01545560173690319,8.417154312133789,0.01545560173690319,8.432609558105469,8.432609571031778,1.1790333986282349,0.10633336007595062,2.1226515769958496,1.4689126014709473,0.1518002301454544,6.663353443145752,1.1790333986282349,0.011521654203534126,6.663353443145752,0.011521654203534126,6.674875259399414,6.674875233624433
1,7,1.2095115184783936,0.12751299142837524,2.3808062076568604,1.728318214416504,0.1733958125114441,8.655323028564453,1.2095115184783936,0.015014516189694405,8.655323028564453,0.015014516189694405,8.670337677001953,8.670337274850134,1.2622047662734985,0.11970246583223343,2.6805338859558105,1.0176304578781128,0.17031621932983398,8.220833778381348,1.2622047662734985,0.01450380589812994,8.220833778381348,0.01450380589812994,8.235337257385254,8.23533701252293
1,8,1.1620742082595825,0.12140756845474243,2.3139803409576416,1.7180229425430298,0.16062375903129578,8.306107521057129,1.1620742082595825,0.01289999671280384,8.306107521057129,0.01289999671280384,8.319007873535156,8.319008172276508,1.2084826231002808,0.10078872740268707,2.3078980445861816,1.2244654893875122,0.1831103265285492,6.825709342956543,1.2084826231002808,0.016468113288283348,6.825709342956543,0.016468113288283348,6.842177391052246,6.842177597252098
1,9,1.171701431274414,0.1161082312464714,2.3658368587493896,1.668020248413086,0.15232598781585693,8.379476547241211,1.171701431274414,0.011601602658629417,8.379476547241211,0.011601602658629417,8.391077995300293,8.391077719539044,1.3040424585342407,0.10446881502866745,2.85921311378479,1.1822909116744995,0.13156166672706604,9.57291030883789,1.3040424585342407,0.008654236793518066,9.57291030883789,0.008654236793518066,9.581564903259277,9.581564374872157
1,10,1.1873691082000732,0.11540486663579941,2.3966519832611084,1.7595136165618896,0.15095172822475433,8.839829444885254,1.1873691082000732,0.011393212713301182,8.839829444885254,0.011393212713301182,8.85122299194336,8.851222003798886,1.313007116317749,0.09799758344888687,2.778794288635254,1.0816264152526855,0.13422837853431702,8.891613006591797,1.313007116317749,0.009008628316223621,8.891613006591797,0.009008628316223621,8.90062141418457,8.900622329196414
1,11,1.197811245918274,0.11978157609701157,2.3453660011291504,1.7273739576339722,0.1558098942041397,8.484562873840332,1.197811245918274,0.012138362042605877,8.484562873840332,0.012138362042605877,8.49670124053955,8.496701325278684,1.3604285717010498,0.11982621252536774,3.23038649559021,1.1441570520401,0.14476333558559418,11.744490623474121,1.3604285717010498,0.01047821156680584,11.744490623474121,0.01047821156680584,11.754968643188477,11.754969094250653
1,12,1.2270722389221191,0.12819260358810425,2.377168893814087,1.76338791847229,0.16595105826854706,8.760468482971191,1.2270722389221191,0.013769876211881638,8.760468482971191,0.013769876211881638,8.774238586425781,8.774238689836249,1.414528250694275,0.13272134959697723,2.9273414611816406,1.1891043186187744,0.17132481932640076,9.983297348022461,1.414528250694275,0.01467609591782093,9.983297348022461,0.01467609591782093,9.997973442077637,9.997973532290072
1,13,1.216890573501587,0.12598642706871033,2.3691091537475586,1.722470760345459,0.15923218429088593,8.579584121704102,1.216890573501587,0.012677445076406002,8.579584121704102,0.012677445076406002,8.59226131439209,8.592261751014066,1.8122997283935547,0.11434740573167801,3.430492401123047,1.4102119207382202,0.14795875549316406,13.756977081298828,1.8122997283935547,0.010945896618068218,13.756977081298828,0.010945896618068218,13.767923355102539,13.767922169453389
1,14,1.2275420427322388,0.11289913952350616,2.341536283493042,1.6917232275009155,0.1452307403087616,8.344720840454102,1.2275420427322388,0.010545983910560608,8.344720840454102,0.010545983910560608,8.355266571044922,8.355266191873206,1.3992509841918945,0.09679623693227768,3.1730611324310303,1.2922956943511963,0.12253903597593307,11.7383451461792,1.3992509841918945,0.007507907226681709,11.7383451461792,0.007507907226681709,11.745853424072266,11.745853591609645
1,15,1.2174969911575317,0.12157260626554489,2.360417604446411,1.6974148750305176,0.15182194113731384,8.452788352966309,1.2174969911575317,0.01152495201677084,8.452788352966309,0.01152495201677084,8.464313507080078,8.464313088411307,1.4643785953521729,0.11935576796531677,3.2193753719329834,1.2045071125030518,0.14203070104122162,11.815215110778809,1.4643785953521729,0.010086361318826675,11.815215110778809,0.010086361318826675,11.825301170349121,11.825302368885762
1,16,1.2193207740783691,0.13182838261127472,2.322497844696045,1.6800355911254883,0.16019320487976074,8.216516494750977,1.2193207740783691,0.012830930761992931,8.216516494750977,0.012830930761992931,8.229347229003906,8.229347800633994,1.2980891466140747,0.11813485622406006,2.5781302452087402,1.1849851608276367,0.1523505002260208,8.050945281982422,1.2980891466140747,0.011605336330831051,8.050945281982422,0.011605336330831051,8.06255054473877,8.062550518963787
1,17,1.2332416772842407,0.1233873963356018,2.34061861038208,1.660419225692749,0.1545744091272354,8.235487937927246,1.2332416772842407,0.011946623213589191,8.235487937927246,0.011946623213589191,8.247434616088867,8.247435064200895,1.1860684156417847,0.11480175703763962,2.1974737644195557,1.0354970693588257,0.13614505529403687,5.901145935058594,1.1860684156417847,0.009267737157642841,5.901145935058594,0.009267737157642841,5.91041374206543,5.910413638965504
1,18,1.1785407066345215,0.1145707294344902,2.2814292907714844,1.683907389640808,0.14651906490325928,8.040464401245117,1.1785407066345215,0.01073391828685999,8.040464401245117,0.01073391828685999,8.05119800567627,8.051198271383722,1.4128655195236206,0.10671639442443848,2.206501007080078,1.2142614126205444,0.13894733786582947,6.343077182769775,1.4128655195236206,0.009653182700276375,6.343077182769775,0.009653182700276375,6.3527302742004395,6.352730441737819
1,19,1.2113573551177979,0.1191999614238739,2.362410068511963,1.7293750047683716,0.15219148993492126,8.571720123291016,1.2113573551177979,0.011581125669181347,8.571720123291016,0.011581125669181347,8.583301544189453,8.583300768610943,1.1624585390090942,0.11165272444486618,2.344405174255371,1.0189265012741089,0.13373328745365143,6.534448146820068,1.1624585390090942,0.008942295797169209,6.534448146820068,0.008942295797169209,6.543390274047852,6.543390518910176
1,20,1.2035934925079346,0.11341643333435059,2.2749412059783936,1.699928879737854,0.14365455508232117,8.065114974975586,1.2035934925079346,0.010318315587937832,8.065114974975586,0.010318315587937832,8.075433731079102,8.075433550110782,1.1160881519317627,0.09709382802248001,2.2277090549468994,0.8710732460021973,0.12134003639221191,5.721456050872803,1.1160881519317627,0.0073617021553218365,5.721456050872803,0.0073617021553218365,5.728817939758301,5.7288177979959025
1,21,1.1702196598052979,0.11455321311950684,2.234877109527588,1.7376526594161987,0.1475837528705597,8.014113426208496,1.1702196598052979,0.010890481062233448,8.014113426208496,0.010890481062233448,8.025003433227539,8.025003183318908,1.1442546844482422,0.10517913848161697,2.034802198410034,1.0677779912948608,0.13153518736362457,5.2805705070495605,1.1442546844482422,0.00865075271576643,5.2805705070495605,0.00865075271576643,5.289221286773682,5.289220719724088
1,22,1.2058643102645874,0.10750605165958405,2.188494920730591,1.7179728746414185,0.13799259066581726,7.740940093994141,1.2058643102645874,0.00952097773551941,7.740940093994141,0.00952097773551941,7.750461101531982,7.750461413199643,1.1363093852996826,0.087751604616642,1.8696650266647339,1.0208181142807007,0.11484723538160324,4.537717819213867,1.1363093852996826,0.006594943813979626,4.537717819213867,0.006594943813979626,4.544312953948975,4.544312180699529
1,23,1.2080743312835693,0.1045752689242363,2.218416452407837,1.6602199077606201,0.13490800559520721,7.677701950073242,1.2080743312835693,0.00910008605569601,7.677701950073242,0.00910008605569601,7.686801910400391,7.686802258692592,1.2448933124542236,0.09782484918832779,2.5299813747406006,0.9356732368469238,0.12474188208580017,7.276290416717529,1.2448933124542236,0.00778026832267642,7.276290416717529,0.00778026832267642,7.2840704917907715,7.284070807534295
1,24,1.2137737274169922,0.10610277950763702,2.3410751819610596,1.655837893486023,0.137736514210701,8.222433090209961,1.2137737274169922,0.00948567409068346,8.222433090209961,0.00948567409068346,8.231918334960938,8.23191839528371,1.3375545740127563,0.10970998555421829,2.898996353149414,1.3758864402770996,0.13944301009178162,10.297243118286133,1.3375545740127563,0.009722176007926464,10.297243118286133,0.009722176007926464,10.306964874267578,10.306965028917467
1,25,1.1488205194473267,0.10757642984390259,2.245626926422119,1.6711149215698242,0.13715146481990814,7.835465431213379,1.1488205194473267,0.009405260905623436,7.835465431213379,0.009405260905623436,7.844870567321777,7.844870910587081,1.2707736492156982,0.09561631828546524,2.819138526916504,1.0316662788391113,0.1272469013929367,9.011878967285156,1.2707736492156982,0.008095887489616871,9.011878967285156,0.008095887489616871,9.019974708557129,9.019974115732554
1,26,1.273889422416687,0.11005713045597076,2.38620662689209,1.7043793201446533,0.14075906574726105,8.598891258239746,1.273889422416687,0.009906556457281113,8.598891258239746,0.009906556457281113,8.608798027038574,8.608798527573965,1.6977375745773315,0.13040614128112793,2.229217529296875,1.2998390197753906,0.16430151462554932,6.658993244171143,1.6977375745773315,0.013497495092451572,6.658993244171143,0.013497495092451572,6.67249059677124,6.672490519446296
1,27,1.2429980039596558,0.13632753491401672,2.265345573425293,1.6726622581481934,0.1701294183731079,7.929589748382568,1.2429980039596558,0.014472010545432568,7.929589748382568,0.014472010545432568,7.944061756134033,7.944062469953514,1.4539731740951538,0.13189992308616638,2.133913040161133,1.7822065353393555,0.16663964092731476,7.729844570159912,1.4539731740951538,0.013884386047720909,7.729844570159912,0.013884386047720909,7.743729114532471,7.743729153194943
1,28,1.2544910907745361,0.11642076820135117,2.3126473426818848,1.7652244567871094,0.14523568749427795,8.46435546875,1.2544910907745361,0.010546701960265636,8.46435546875,0.010546701960265636,8.474902153015137,8.474901969174304,1.331752061843872,0.10901036113500595,2.7488114833831787,1.0717854499816895,0.1354883909225464,8.70468807220459,1.331752061843872,0.009178552776575089,8.70468807220459,0.009178552776575089,8.713866233825684,8.713866581787935
1,29,1.2077656984329224,0.11356673389673233,2.222703218460083,1.6919198036193848,0.14239861071109772,7.803002834320068,1.2077656984329224,0.010138682089745998,7.803002834320068,0.010138682089745998,7.813141345977783,7.813141509711024,1.3222815990447998,0.11581142246723175,2.7143936157226562,0.9567630887031555,0.13897141814231873,8.28332805633545,1.3222815990447998,0.009656528010964394,8.28332805633545,0.009656528010964394,8.292984962463379,8.292984672494837
1,30,1.2075743675231934,0.11594424396753311,2.129279136657715,1.6438422203063965,0.14523127675056458,7.236047267913818,1.2075743675231934,0.010546062141656876,7.236047267913818,0.010546062141656876,7.246593475341797,7.246594444814935,1.2580523490905762,0.12569673359394073,2.489178419113159,1.0812931060791016,0.14718380570411682,7.365204811096191,1.2580523490905762,0.010831537656486034,7.365204811096191,0.010831537656486034,7.376036167144775,7.376035290795404
1,31,1.2059171199798584,0.11100509017705917,2.2856760025024414,1.7097760438919067,0.1392432451248169,8.147648811340332,1.2059171199798584,0.009694341570138931,8.147648811340332,0.009694341570138931,8.157342910766602,8.157343430691455,1.3117817640304565,0.09201481193304062,2.5097415447235107,1.0125826597213745,0.12080052495002747,7.32412576675415,1.3117817640304565,0.007296383380889893,7.32412576675415,0.007296383380889893,7.331422328948975,7.331422341836466
1,32,1.2651855945587158,0.10589388012886047,2.291482448577881,1.7318061590194702,0.13470593094825745,8.250043869018555,1.2651855945587158,0.009072843007743359,8.250043869018555,0.009072843007743359,8.259117126464844,8.259117515690356,1.155282735824585,0.11001422256231308,1.8326513767242432,0.9755254983901978,0.13511712849140167,4.310261249542236,1.155282735824585,0.009128320030868053,4.310261249542236,0.009128320030868053,4.319389343261719,4.31938953657408
1,33,1.2113770246505737,0.10665898025035858,2.1771023273468018,1.705184817314148,0.13569746911525726,7.647429466247559,1.2113770246505737,0.009206902235746384,7.647429466247559,0.009206902235746384,7.6566362380981445,7.656636369515614,1.221639633178711,0.09598302841186523,2.281534433364868,1.0375986099243164,0.12403842061758041,6.282009601593018,1.221639633178711,0.007692764513194561,6.282009601593018,0.007692764513194561,6.289702415466309,6.289702628109906
1,34,1.2013700008392334,0.11067581176757812,2.1861839294433594,1.6268471479415894,0.13935382664203644,7.426032543182373,1.2013700008392334,0.009709743782877922,7.426032543182373,0.009709743782877922,7.435742378234863,7.435742602290877,1.4003454446792603,0.11565404385328293,2.1460084915161133,1.3369641304016113,0.14085832238197327,6.392825603485107,1.4003454446792603,0.009920532815158367,6.392825603485107,0.009920532815158367,6.402746200561523,6.402746509861302
1,35,1.2240797281265259,0.1131291463971138,2.238410711288452,1.736250400543213,0.1424666941165924,8.02504825592041,1.2240797281265259,0.010148379020392895,8.02504825592041,0.010148379020392895,8.035196304321289,8.035195879189365,1.2002918720245361,0.09477080404758453,1.9674324989318848,1.2050343751907349,0.11981145292520523,5.322898864746094,1.2002918720245361,0.007177391555160284,5.322898864746094,0.007177391555160284,5.330076217651367,5.330075895464098
1,36,1.2510349750518799,0.10733100026845932,2.1655280590057373,1.6385793685913086,0.1360638290643692,7.374453544616699,1.2510349750518799,0.009256682358682156,7.374453544616699,0.009256682358682156,7.3837103843688965,7.383709845772708,1.0702197551727295,0.10042073577642441,1.4635533094406128,1.1201881170272827,0.13317634165287018,3.396810293197632,1.0702197551727295,0.008867967873811722,3.396810293197632,0.008867967873811722,3.4056782722473145,3.4056779887225175
1,37,1.185039758682251,0.09509981423616409,2.1287455558776855,1.6071364879608154,0.125239759683609,7.114445209503174,1.185039758682251,0.00784249883145094,7.114445209503174,0.00784249883145094,7.122287750244141,7.1222883793244876,1.3621450662612915,0.08625311404466629,3.0065603256225586,1.2145376205444336,0.1145850419998169,10.514505386352539,1.3621450662612915,0.006564865820109844,10.514505386352539,0.006564865820109844,10.52107048034668,10.521070506121662
1,38,1.2119733095169067,0.0929718017578125,2.2568297386169434,1.6231321096420288,0.12262947112321854,7.727837562561035,1.2119733095169067,0.007518993224948645,7.727837562561035,0.007518993224948645,7.735356330871582,7.7353566041193815,1.2356171607971191,0.0810326635837555,2.676438570022583,0.9352180361747742,0.106979601085186,8.037956237792969,1.2356171607971191,0.005722317378968,8.037956237792969,0.005722317378968,8.043678283691406,8.04367834812886
1,39,1.2132765054702759,0.09961938112974167,2.1470236778259277,1.6812076568603516,0.12783800065517426,7.436169624328613,1.2132765054702759,0.008171278052031994,7.436169624328613,0.008171278052031994,7.444340705871582,7.444340638367526,1.3522127866744995,0.10613497346639633,1.8925870656967163,1.0775026082992554,0.13359414041042328,4.7428975105285645,1.3522127866744995,0.008923697285354137,4.7428975105285645,0.008923697285354137,4.751821041107178,4.751821169982085
1,40,1.1701446771621704,0.10595942288637161,2.146066904067993,1.6457711458206177,0.1360304057598114,7.31416654586792,1.1701446771621704,0.009252135641872883,7.31416654586792,0.009252135641872883,7.323418617248535,7.3234172714761945,1.3944530487060547,0.11357037723064423,2.1364805698394775,1.220010757446289,0.1382731795310974,6.052975177764893,1.3944530487060547,0.009559735655784607,6.052975177764893,0.009559735655784607,6.062534809112549,6.062534860662512
1,41,1.1662359237670898,0.10904975235462189,1.9932674169540405,1.6689058542251587,0.13676072657108307,6.75836181640625,1.1662359237670898,0.009351748041808605,6.75836181640625,0.009351748041808605,6.76771354675293,6.767713157527418,1.2403308153152466,0.12037234753370285,2.2846856117248535,0.9503965377807617,0.14765533804893494,6.123042106628418,1.2403308153152466,0.010901049710810184,6.123042106628418,0.010901049710810184,6.1339430809021,6.133943035795882
1,42,1.224697232246399,0.1074095219373703,2.1441457271575928,1.6597622632980347,0.1329636126756668,7.3521728515625,1.224697232246399,0.008839662186801434,7.3521728515625,0.008839662186801434,7.3610124588012695,7.36101199919919,1.1363338232040405,0.09154219180345535,2.2173688411712646,0.9884428977966309,0.11645125597715378,5.893744468688965,1.1363338232040405,0.006780446972697973,5.893744468688965,0.006780446972697973,5.900525093078613,5.900525260615993
1,43,1.1625888347625732,0.10293441265821457,2.0982131958007812,1.5487134456634521,0.1312141716480255,6.80101203918457,1.1625888347625732,0.008608578704297543,6.80101203918457,0.008608578704297543,6.809620380401611,6.809620469449515,1.2170464992523193,0.1073334738612175,2.1954901218414307,1.068589210510254,0.13519896566867828,5.962060451507568,1.2170464992523193,0.009139381349086761,5.962060451507568,0.009139381349086761,5.971199989318848,5.9712001955186995
1,44,1.1942083835601807,0.10706257075071335,2.1051242351531982,1.5525405406951904,0.13365215063095093,6.841929912567139,1.1942083835601807,0.008931448683142662,6.841929912567139,0.008931448683142662,6.850861549377441,6.850861368409122,1.1050209999084473,0.10449624806642532,1.6136406660079956,0.9544427394866943,0.13055452704429626,3.5147972106933594,1.1050209999084473,0.008522243238985538,3.5147972106933594,0.008522243238985538,3.5233194828033447,3.5233196310094885
1,45,1.204115390777588,0.09884873032569885,2.1516711711883545,1.585099697113037,0.1275867521762848,7.14223051071167,1.204115390777588,0.008139188401401043,7.14223051071167,0.008139188401401043,7.150369644165039,7.150369862476027,1.1170315742492676,0.09369038790464401,2.2056055068969727,0.9360342025756836,0.12301154434680939,5.740856647491455,1.1170315742492676,0.007565920241177082,5.740856647491455,0.007565920241177082,5.748422622680664,5.748422036299834
1,46,1.2493935823440552,0.10815601795911789,2.112837314605713,1.631440281867981,0.13714087009429932,7.125678539276123,1.2493935823440552,0.009403809905052185,7.125678539276123,0.009403809905052185,7.135082244873047,7.135083131043308,1.8963583707809448,0.12984101474285126,2.4462897777557373,1.623293399810791,0.1628190577030182,8.619415283203125,1.8963583707809448,0.013255023397505283,8.619415283203125,0.013255023397505283,8.632670402526855,8.63267063450169
1,47,1.1986453533172607,0.10955317318439484,2.077383041381836,1.5897095203399658,0.1376151740550995,6.842696189880371,1.1986453533172607,0.009468967095017433,6.842696189880371,0.009468967095017433,6.852165222167969,6.852165146046374,1.2989166975021362,0.1000773161649704,2.3206348419189453,1.3110178709030151,0.12949493527412415,7.104114532470703,1.2989166975021362,0.008384468965232372,7.104114532470703,0.008384468965232372,7.112499237060547,7.112498257611249
1,48,1.210525631904602,0.09983199834823608,2.0996625423431396,1.5707616806030273,0.12894676625728607,6.8758745193481445,1.210525631904602,0.008313633501529694,6.8758745193481445,0.008313633501529694,6.884188175201416,6.884187732834413,1.180690884590149,0.10378632694482803,2.3596291542053223,0.8898910284042358,0.1365203708410263,6.359755039215088,1.180690884590149,0.009318905882537365,6.359755039215088,0.009318905882537365,6.369073867797852,6.369074583053589
1,49,1.1472116708755493,0.10595707595348358,1.9637494087219238,1.5394985675811768,0.1358644813299179,6.226367473602295,1.1472116708755493,0.009229578077793121,6.226367473602295,0.009229578077793121,6.235597133636475,6.23559736307845,1.0789852142333984,0.11107443273067474,1.9048638343811035,0.9385934472084045,0.13446934521198273,4.509463787078857,1.0789852142333984,0.00904100202023983,4.509463787078857,0.00904100202023983,4.518504619598389,4.518504684035842
1,50,1.2001245021820068,0.10627687722444534,2.01324462890625,1.553257703781128,0.1351545751094818,6.46576452255249,1.2001245021820068,0.00913337990641594,6.46576452255249,0.00913337990641594,6.474897861480713,6.474897309958217,1.0944945812225342,0.11772484332323074,1.348415732383728,1.1476054191589355,0.13791555166244507,3.135223150253296,1.0944945812225342,0.009510349482297897,3.135223150253296,0.009510349482297897,3.144733428955078,3.1447335836049675
1,51,1.1694698333740234,0.10542567074298859,2.084987163543701,1.5376064777374268,0.13453441858291626,6.711404323577881,1.1694698333740234,0.009049755521118641,6.711404323577881,0.009049755521118641,6.720454216003418,6.72045476106276,1.2311584949493408,0.09106657654047012,1.5915186405181885,1.4110074043273926,0.11489909142255783,4.5238728523254395,1.2311584949493408,0.006600900087505579,4.5238728523254395,0.006600900087505579,4.530473709106445,4.530474224606076
1,52,1.21392023563385,0.097957082092762,2.1682708263397217,1.5958067178726196,0.12601786851882935,7.247998237609863,1.21392023563385,0.00794025044888258,7.247998237609863,0.00794025044888258,7.255938529968262,7.2559378017862155,1.00760018825531,0.09893953800201416,1.282404899597168,0.9882895946502686,0.12286020815372467,2.621279239654541,1.00760018825531,0.007547314744442701,2.621279239654541,0.007547314744442701,2.62882661819458,2.6288262186823665
1,53,1.1695247888565063,0.09742913395166397,2.0421695709228516,1.5551612377166748,0.12627218663692474,6.588983535766602,1.1695247888565063,0.007972333580255508,6.588983535766602,0.007972333580255508,6.5969557762146,6.59695502074368,1.0035959482192993,0.07944387942552567,1.3756208419799805,1.0425671339035034,0.1107160747051239,2.979279041290283,1.0035959482192993,0.006129024084657431,2.979279041290283,0.006129024084657431,2.985408067703247,2.985407777734705
1,54,1.2179704904556274,0.09670164436101913,1.9619841575622559,1.576265811920166,0.12452597916126251,6.333996772766113,1.2179704904556274,0.007753359153866768,6.333996772766113,0.007753359153866768,6.341750144958496,6.341750320181789,1.1837756633758545,0.08432996273040771,1.6028019189834595,1.187958002090454,0.11556558310985565,3.9802184104919434,1.1837756633758545,0.006677702069282532,3.9802184104919434,0.006677702069282532,3.98689603805542,3.986895986505457
1,55,1.184056282043457,0.0945873111486435,1.960537314414978,1.5632632970809937,0.12382665276527405,6.287498950958252,1.184056282043457,0.0076665193773806095,6.287498950958252,0.0076665193773806095,6.295165538787842,6.295165186186871,1.1803864240646362,0.09039757400751114,1.9294198751449585,1.1859768629074097,0.11969590932130814,5.129202842712402,1.1803864240646362,0.007163555361330509,5.129202842712402,0.007163555361330509,5.136366367340088,5.136366032265328
1,56,1.2096054553985596,0.09694429486989975,2.0600931644439697,1.524841070175171,0.12722256779670715,6.569124221801758,1.2096054553985596,0.008092790842056274,6.569124221801758,0.008092790842056274,6.577217102050781,6.577217152319759,1.0005983114242554,0.09883382171392441,1.437483787536621,0.9625991582870483,0.12521842122077942,2.9929563999176025,1.0005983114242554,0.007839826866984367,2.9929563999176025,0.007839826866984367,3.000796318054199,3.00079649847907
1,57,1.1450432538986206,0.09778020530939102,1.8491199016571045,1.562941074371338,0.12695439159870148,5.862029075622559,1.1450432538986206,0.008058708161115646,5.862029075622559,0.008058708161115646,5.870087623596191,5.8700878849948745,1.0451234579086304,0.10063011944293976,1.4514809846878052,1.096147060394287,0.13421624898910522,3.308335065841675,1.0451234579086304,0.009007001295685768,3.308335065841675,0.009007001295685768,3.3173420429229736,3.3173423328915157
1,58,1.1718158721923828,0.095948226749897,1.9153612852096558,1.6373878717422485,0.12641502916812897,6.349647521972656,1.1718158721923828,0.007990378886461258,6.349647521972656,0.007990378886461258,6.357637882232666,6.357638112033706,1.1800861358642578,0.09313131868839264,2.229447364807129,0.9719189405441284,0.1274099051952362,5.915061950683594,1.1800861358642578,0.008116642013192177,5.915061950683594,0.008116642013192177,5.923178672790527,5.923178608353074
1,59,1.2053481340408325,0.09587038308382034,1.9329442977905273,1.5444247722625732,0.12436940521001816,6.121521949768066,1.2053481340408325,0.00773387448862195,6.121521949768066,0.00773387448862195,6.129255771636963,6.129255326397447,1.1269090175628662,0.08377982676029205,1.9455772638320923,1.055420994758606,0.10937700420618057,4.899183750152588,1.1269090175628662,0.005981665104627609,4.899183750152588,0.005981665104627609,4.905165195465088,4.905165930052061
1,60,1.1786460876464844,0.09237927198410034,2.076836585998535,1.5367602109909058,0.12265012413263321,6.674881935119629,1.1786460876464844,0.007521525956690311,6.674881935119629,0.007521525956690311,6.682403564453125,6.682403774146574,1.137673258781433,0.07651399821043015,1.5427875518798828,1.0284185409545898,0.10587285459041595,3.437837839126587,1.137673258781433,0.005604531150311232,3.437837839126587,0.005604531150311232,3.4434423446655273,3.443442421990472
1,61,1.2230056524276733,0.09870894253253937,1.860192894935608,1.568791389465332,0.12821321189403534,5.921424388885498,1.2230056524276733,0.008219313807785511,5.921424388885498,0.008219313807785511,5.929643630981445,5.929643728646887,1.014296054840088,0.09049899876117706,1.305517554283142,0.8606703281402588,0.11527525633573532,2.445129632949829,1.014296054840088,0.006644192151725292,2.445129632949829,0.006644192151725292,2.4517738819122314,2.451773720818597
1,62,1.1639755964279175,0.10091988742351532,1.9232295751571655,1.4659191370010376,0.1303681880235672,5.847731113433838,1.1639755964279175,0.008497931063175201,5.847731113433838,0.008497931063175201,5.856228828430176,5.856228709939015,1.2285434007644653,0.10529295355081558,2.0436079502105713,1.1449016332626343,0.13109423220157623,5.487133979797363,1.2285434007644653,0.008592847734689713,5.487133979797363,0.008592847734689713,5.495727062225342,5.495726714263091
1,63,1.1930376291275024,0.10179242491722107,1.9358569383621216,1.520761489868164,0.1318100392818451,6.060257434844971,1.1930376291275024,0.008686943911015987,6.060257434844971,0.008686943911015987,6.068944454193115,6.0689450078699965,1.083804965019226,0.11973237991333008,1.4468859434127808,1.097995638847351,0.14132754504680634,3.2990739345550537,1.083804965019226,0.009986737743020058,3.2990739345550537,0.009986737743020058,3.309060573577881,3.3090604833654456
1,64,1.2131385803222656,0.11075393110513687,2.0693013668060303,1.552840232849121,0.1379823088645935,6.693321228027344,1.2131385803222656,0.00951955933123827,6.693321228027344,0.00951955933123827,6.702840805053711,6.702840350478528,1.2116941213607788,0.09836180508136749,1.790675163269043,0.9516085982322693,0.12894845008850098,4.112076759338379,1.2116941213607788,0.008313851431012154,4.112076759338379,0.008313851431012154,4.12039041519165,4.120390402304159
1,65,1.1906542778015137,0.10031194239854813,1.8666706085205078,1.6285769939422607,0.12998025119304657,6.136721611022949,1.1906542778015137,0.008447433821856976,6.136721611022949,0.008447433821856976,6.145169258117676,6.145169416105891,1.1513721942901611,0.0959307923913002,1.8533563613891602,1.0091644525527954,0.11991777271032333,4.453342914581299,1.1513721942901611,0.007190135773271322,4.453342914581299,0.007190135773271322,4.460533142089844,4.4605328972275196
1,66,1.1562272310256958,0.09657749533653259,1.8143266439437866,1.542729139328003,0.124897800385952,5.67179536819458,1.1562272310256958,0.00779973017051816,5.67179536819458,0.00779973017051816,5.679594993591309,5.679594500955329,1.0615476369857788,0.09618533402681351,1.4516302347183228,1.0401458740234375,0.11764486879110336,3.189134120941162,1.0615476369857788,0.006920157466083765,3.189134120941162,0.006920157466083765,3.196054220199585,3.1960542524183118
1,67,1.1493808031082153,0.09733733534812927,1.8987648487091064,1.4677038192749023,0.12740300595760345,5.759461879730225,1.1493808031082153,0.00811576284468174,5.759461879730225,0.00811576284468174,5.767577648162842,5.767577587121941,1.0403573513031006,0.09527412801980972,1.679635763168335,0.9611091017723083,0.11803638190031052,3.7449069023132324,1.0403573513031006,0.006966293789446354,3.7449069023132324,0.006966293789446354,3.751873254776001,3.7518731259010933
1,68,1.230296015739441,0.10410264879465103,1.8654203414916992,1.555989146232605,0.13397380709648132,5.900895595550537,1.230296015739441,0.008974490687251091,5.900895595550537,0.008974490687251091,5.909870147705078,5.909869736935719,1.2364484071731567,0.1020376905798912,1.5779749155044556,1.2701358795166016,0.13215398788452148,4.103250026702881,1.2364484071731567,0.008732338435947895,4.103250026702881,0.008732338435947895,4.111982345581055,4.111982294031091
1,69,1.1963868141174316,0.101570725440979,1.982421875,1.597683072090149,0.13071304559707642,6.4825873374938965,1.1963868141174316,0.008542951196432114,6.4825873374938965,0.008542951196432114,6.491130352020264,6.4911305602774565,1.0145753622055054,0.09739860147237778,1.3842962980270386,0.9667584896087646,0.12051425874233246,2.850898265838623,1.0145753622055054,0.007261843420565128,2.850898265838623,0.007261843420565128,2.8581600189208984,2.858160083358352
1,70,1.1941107511520386,0.09510402381420135,1.9075820446014404,1.5464776754379272,0.123985655605793,6.030462741851807,1.1941107511520386,0.0076862215064466,6.030462741851807,0.0076862215064466,6.038148880004883,6.038148482161832,1.3860281705856323,0.10110833495855331,2.2614002227783203,1.0231600999832153,0.1328725814819336,6.160788059234619,1.3860281705856323,0.008827561512589455,6.160788059234619,0.008827561512589455,6.169615745544434,6.169615494238363
1,71,1.2355960607528687,0.09697732329368591,1.9209448099136353,1.4672452211380005,0.12715290486812592,5.842836856842041,1.2355960607528687,0.008083930239081383,5.842836856842041,0.008083930239081383,5.850920677185059,5.8509205823921295,1.091930866241455,0.09820352494716644,1.3993011713027954,1.1856341361999512,0.11698637902736664,3.363771915435791,1.091930866241455,0.006842906586825848,3.363771915435791,0.006842906586825848,3.370614767074585,3.370614670418404
1,72,1.2170512676239014,0.09714588522911072,1.8408843278884888,1.6319777965545654,0.12706026434898376,6.052206516265869,1.2170512676239014,0.00807215552777052,6.052206516265869,0.00807215552777052,6.06027889251709,6.060278750327696,1.0635355710983276,0.09612341225147247,1.549485206604004,1.002707839012146,0.1257871687412262,3.40632700920105,1.0635355710983276,0.007911205291748047,3.40632700920105,0.007911205291748047,3.414238214492798,3.4142381564990893
1,73,1.1782886981964111,0.10250072181224823,1.8553085327148438,1.4638770818710327,0.13127501308918,5.585105895996094,1.1782886981964111,0.00861656479537487,5.585105895996094,0.00861656479537487,5.593722343444824,5.593721957091826,1.2151458263397217,0.11093845963478088,2.700888156890869,0.8605020642280579,0.1334516704082489,8.035260200500488,1.2151458263397217,0.008904675021767616,8.035260200500488,0.008904675021767616,8.044164657592773,8.044164696255246
1,74,1.200480580329895,0.10236619412899017,2.0501649379730225,1.6385940313339233,0.13357391953468323,6.888167381286621,1.200480580329895,0.008920995518565178,6.888167381286621,0.008920995518565178,6.897088527679443,6.897088835038335,1.0902572870254517,0.09780341386795044,1.7792381048202515,0.9270946979522705,0.12076430022716522,4.0251922607421875,1.0902572870254517,0.007292008027434349,4.0251922607421875,0.007292008027434349,4.03248405456543,4.0324844862963705
1,75,1.1345866918563843,0.09793571382761002,1.9106897115707397,1.4914113283157349,0.12875834107398987,5.87504243850708,1.1345866918563843,0.008289355784654617,5.87504243850708,0.008289355784654617,5.883331775665283,5.883332252502441,1.098629117012024,0.10487288236618042,1.67263662815094,1.002595067024231,0.1383507400751114,3.802910089492798,1.098629117012024,0.009570464491844177,3.802910089492798,0.009570464491844177,3.8124804496765137,3.8124804754514954
1,76,1.2214564085006714,0.09850578010082245,1.6936237812042236,1.4949536323547363,0.12858472764492035,5.103248119354248,1.2214564085006714,0.008267016150057316,5.103248119354248,0.008267016150057316,5.111515045166016,5.111514956118112,0.9831981062889099,0.0932704284787178,1.1023151874542236,1.12179434299469,0.11901248246431351,2.4735212326049805,0.9831981062889099,0.0070819854736328125,2.4735212326049805,0.0070819854736328125,2.4806032180786133,2.4806033082910486
1,77,1.1731337308883667,0.09616675972938538,1.7540578842163086,1.423663854598999,0.12543955445289612,5.103537559509277,1.1731337308883667,0.00786754209548235,5.103537559509277,0.00786754209548235,5.111404895782471,5.111405198114464,0.9730435013771057,0.09007283300161362,1.3779929876327515,0.9995882511138916,0.11844328045845032,2.8980414867401123,0.9730435013771057,0.007014404982328415,2.8980414867401123,0.007014404982328415,2.9050559997558594,2.905055787112262
1,78,1.1780247688293457,0.09873905032873154,1.6587365865707397,1.5341053009033203,0.12649323046207428,5.104886531829834,1.1780247688293457,0.008000267669558525,5.104886531829834,0.008000267669558525,5.112886905670166,5.112886209085763,1.045938491821289,0.09313137829303741,1.6033991575241089,1.0059314966201782,0.11998249590396881,3.582787275314331,1.045938491821289,0.007197899743914604,3.582787275314331,0.007197899743914604,3.5899851322174072,3.589984855136356
1,79,1.2166694402694702,0.09630125761032104,1.9098806381225586,1.4973108768463135,0.1249026283621788,5.889584064483643,1.2166694402694702,0.007800332736223936,5.889584064483643,0.007800332736223936,5.897384166717529,5.8973842485841494,1.212948203086853,0.09396031498908997,1.676664113998413,1.1408605575561523,0.1199532151222229,4.112765789031982,1.212948203086853,0.007194386329501867,4.112765789031982,0.007194386329501867,4.119960308074951,4.119960037437645
1,80,1.1777228116989136,0.09500181674957275,1.9625123739242554,1.4878801107406616,0.12478954344987869,6.065240859985352,1.1777228116989136,0.007786215282976627,6.065240859985352,0.007786215282976627,6.07302713394165,6.073027149740472,1.0014276504516602,0.07471803575754166,1.1424237489700317,0.879849910736084,0.10241513699293137,2.079267978668213,1.0014276504516602,0.0052444301545619965,2.079267978668213,0.0052444301545619965,2.08451247215271,2.0845123819402747
1,81,1.2092270851135254,0.09521214663982391,1.9654967784881592,1.469736933708191,0.12488594651222229,6.023303508758545,1.2092270851135254,0.007798249367624521,6.023303508758545,0.007798249367624521,6.031101703643799,6.031101854450731,1.1093907356262207,0.08819305151700974,1.9010522365570068,1.313890814781189,0.11383973062038422,5.340309143066406,1.1093907356262207,0.0064797415398061275,5.340309143066406,0.0064797415398061275,5.3467888832092285,5.346788638346904
1,82,1.1970605850219727,0.09782125800848007,1.7887123823165894,1.5993428230285645,0.1278958022594452,5.757389068603516,1.1970605850219727,0.008178669027984142,5.757389068603516,0.008178669027984142,5.765567779541016,5.765568061765418,0.9141284823417664,0.09747099876403809,1.1239960193634033,0.9196815490722656,0.11967389285564423,2.1091811656951904,0.9141284823417664,0.007160919718444347,2.1091811656951904,0.007160919718444347,2.116342067718506,2.1163422288121403
1,83,1.1942238807678223,0.10055244714021683,1.7580348253250122,1.5602869987487793,0.12774968147277832,5.525182723999023,1.1942238807678223,0.008159990422427654,5.525182723999023,0.008159990422427654,5.5333428382873535,5.533342509384615,0.8906442523002625,0.08568565547466278,1.1692793369293213,0.8221077919006348,0.10778126865625381,2.0430755615234375,0.8906442523002625,0.005808400921523571,2.0430755615234375,0.005808400921523571,2.0488839149475098,2.0488838956162736
1,84,1.1803447008132935,0.09181064367294312,1.7487847805023193,1.5247646570205688,0.11977927386760712,5.383155822753906,1.1803447008132935,0.007173537276685238,5.383155822753906,0.007173537276685238,5.390329360961914,5.390329325414566,0.9738673567771912,0.08624877780675888,1.2093260288238525,0.9024701714515686,0.11326535046100616,2.2769217491149902,0.9738673567771912,0.006414520088583231,2.2769217491149902,0.006414520088583231,2.2833361625671387,2.2833364847544075
1,85,1.2140247821807861,0.0994017943739891,1.6496113538742065,1.5139737129211426,0.12789134681224823,5.013333797454834,1.2140247821807861,0.008178098127245903,5.013333797454834,0.008178098127245903,5.021512031555176,5.021512090441692,1.0094313621520996,0.10357579588890076,1.5418493747711182,0.9350923299789429,0.12504930794239044,3.251697301864624,1.0094313621520996,0.007818665355443954,3.251697301864624,0.007818665355443954,3.2595160007476807,3.2595160265226624
1,86,1.2016466856002808,0.09714516997337341,1.7499266862869263,1.5284422636032104,0.12652155756950378,5.398379325866699,1.2016466856002808,0.008003851398825645,5.398379325866699,0.008003851398825645,5.406383037567139,5.406383061983499,1.0130081176757812,0.09161695092916489,1.3491816520690918,1.024213433265686,0.12201733142137527,2.869304656982422,1.0130081176757812,0.007444114424288273,2.869304656982422,0.007444114424288273,2.87674880027771,2.876748445871714
1,87,1.1438225507736206,0.09592359513044357,1.590790033340454,1.4650821685791016,0.1254597306251526,4.677078723907471,1.1438225507736206,0.00787007249891758,4.677078723907471,0.00787007249891758,4.684948921203613,4.684949331972972,1.0254454612731934,0.09715446829795837,1.3621190786361694,1.0918242931365967,0.12777355313301086,3.0474488735198975,1.0254454612731934,0.00816304050385952,3.0474488735198975,0.00816304050385952,3.0556118488311768,3.0556118810499036
1,88,1.1802382469177246,0.09657640010118484,1.5998889207839966,1.499298334121704,0.1261104792356491,4.807539463043213,1.1802382469177246,0.007951927371323109,4.807539463043213,0.007951927371323109,4.815491199493408,4.815491572920099,1.020570158958435,0.08565016090869904,1.275627613067627,0.9461793303489685,0.11319978535175323,2.5224812030792236,1.020570158958435,0.006407095585018396,2.5224812030792236,0.006407095585018396,2.52888822555542,2.5288881160117485
1,89,1.163819670677185,0.10040512681007385,1.7936625480651855,1.5557864904403687,0.13177001476287842,5.637697219848633,1.163819670677185,0.008681668899953365,5.637697219848633,0.008681668899953365,5.646378993988037,5.646378555929805,1.3782082796096802,0.08915434777736664,2.404094934463501,0.9535430073738098,0.11671172082424164,6.688915729522705,1.3782082796096802,0.006810812745243311,6.688915729522705,0.006810812745243311,6.69572639465332,6.695726201340959
1,90,1.1715894937515259,0.09969859570264816,1.7528984546661377,1.4751960039138794,0.12772783637046814,5.248856067657471,1.1715894937515259,0.008157200179994106,5.248856067657471,0.008157200179994106,5.257013320922852,5.25701336688306,1.2386810779571533,0.10141529142856598,2.3100967407226562,1.0607805252075195,0.1308312565088272,6.461802005767822,1.2386810779571533,0.008558408357203007,6.461802005767822,0.008558408357203007,6.470360279083252,6.470360382183178
1,91,1.1945327520370483,0.09692203253507614,1.6181766986846924,1.4875802993774414,0.12604442238807678,4.831391334533691,1.1945327520370483,0.007943597622215748,4.831391334533691,0.007943597622215748,4.839334964752197,4.839334763676288,0.997992217540741,0.09762856364250183,1.3236169815063477,0.9923849105834961,0.12071608752012253,2.7367897033691406,0.997992217540741,0.007286186330020428,2.7367897033691406,0.007286186330020428,2.7440757751464844,2.744075755815248
1,92,1.1971956491470337,0.10182902216911316,1.758103370666504,1.5204732418060303,0.1311553567647934,5.402766227722168,1.1971956491470337,0.008600864559412003,5.402766227722168,0.008600864559412003,5.411366939544678,5.411367068089635,1.0333614349365234,0.10853075236082077,1.5597736835479736,0.8664728999137878,0.1324089765548706,3.183669328689575,1.0333614349365234,0.008766068145632744,3.183669328689575,0.008766068145632744,3.1924355030059814,3.1924352839186385
1,93,1.1893868446350098,0.10124270617961884,1.8161174058914185,1.4572879076004028,0.12942670285701752,5.421970367431641,1.1893868446350098,0.00837563443928957,5.421970367431641,0.00837563443928957,5.4303460121154785,5.43034637261586,1.214145302772522,0.09516522288322449,1.5845388174057007,1.29960036277771,0.11956372857093811,4.199724197387695,1.214145302772522,0.007147742435336113,4.199724197387695,0.007147742435336113,4.20687198638916,4.2068721410390495
1,94,1.1942192316055298,0.0979045182466507,1.9802192449569702,1.5673141479492188,0.12884043157100677,6.377742290496826,1.1942192316055298,0.008299929089844227,6.377742290496826,0.008299929089844227,6.38604211807251,6.386041888271469,1.2214635610580444,0.11725900322198868,1.7701492309570312,1.1616369485855103,0.14286035299301147,4.482827663421631,1.2214635610580444,0.010204540565609932,4.482827663421631,0.010204540565609932,4.493031978607178,4.493032816294077
1,95,1.1955499649047852,0.10035359859466553,1.8638874292373657,1.4839489459991455,0.13132570683956146,5.676180362701416,1.1955499649047852,0.008623220957815647,5.676180362701416,0.008623220957815647,5.684803485870361,5.684803817645613,1.0408527851104736,0.08642491698265076,1.5522249937057495,0.8341634273529053,0.11341148614883423,3.105231285095215,1.0408527851104736,0.00643108319491148,3.105231285095215,0.00643108319491148,3.1116623878479004,3.111662246085502
1,96,1.1658046245574951,0.09676674753427505,1.7590268850326538,1.5066232681274414,0.12546825408935547,5.364089012145996,1.1658046245574951,0.007871142588555813,5.364089012145996,0.007871142588555813,5.371960163116455,5.371959847140025,1.3083388805389404,0.09414775669574738,2.0908665657043457,1.1956483125686646,0.11620880663394928,5.80129861831665,1.3083388805389404,0.006752243265509605,5.80129861831665,0.006752243265509605,5.808050632476807,5.808049781902416
1,97,1.290252923965454,0.09923505038022995,1.771561861038208,1.6883522272109985,0.1281755268573761,5.988965034484863,1.290252923965454,0.00821448303759098,5.988965034484863,0.00821448303759098,5.9971795082092285,5.997179197977824,1.4095613956451416,0.09978597611188889,2.3953616619110107,1.0646206140518188,0.12082956731319427,6.8711748123168945,1.4095613956451416,0.007299892138689756,6.8711748123168945,0.007299892138689756,6.878474712371826,6.8784744095157935
1,98,1.1875935792922974,0.0948878675699234,1.8341660499572754,1.6550995111465454,0.12441122531890869,6.103519916534424,1.1875935792922974,0.007739076390862465,6.103519916534424,0.007739076390862465,6.1112589836120605,6.11125887302031,1.1418970823287964,0.09616748988628387,1.5112134218215942,1.1112688779830933,0.1303727775812149,3.518684148788452,1.1418970823287964,0.008498531766235828,3.518684148788452,0.008498531766235828,3.5271825790405273,3.527183068765176
1,99,1.179220199584961,0.10575979202985764,1.6272019147872925,1.518860101699829,0.133760467171669,4.954721450805664,1.179220199584961,0.008945931680500507,4.954721450805664,0.008945931680500507,4.963667392730713,4.9636680045759825,1.0273158550262451,0.09751036763191223,1.6561670303344727,0.8896902799606323,0.11953309178352356,3.534437894821167,1.0273158550262451,0.007144080009311438,3.534437894821167,0.007144080009311438,3.541581869125366,3.5415821784251444
1,100,1.1675537824630737,0.10085024684667587,1.7999820709228516,1.4721088409423828,0.12883664667606354,5.407039165496826,1.1675537824630737,0.008299441076815128,5.407039165496826,0.008299441076815128,5.415338516235352,5.4153383726097015,1.0783597230911255,0.10336907207965851,1.535274863243103,1.1070051193237305,0.13195304572582245,3.582528591156006,1.0783597230911255,0.00870580319315195,3.582528591156006,0.00870580319315195,3.5912344455718994,3.591234928852803
1,101,1.197999358177185,0.10133901983499527,1.5669615268707275,1.4996914863586426,0.13018521666526794,4.704442977905273,1.197999358177185,0.008474094793200493,4.704442977905273,0.008474094793200493,4.712916851043701,4.7129168194460584,1.0157780647277832,0.0997733324766159,1.4448777437210083,0.9317399263381958,0.1253431886434555,2.955810785293579,1.0157780647277832,0.007855458185076714,2.955810785293579,0.007855458185076714,2.9636662006378174,2.9636662908502527
1,102,1.1974596977233887,0.10446779429912567,1.9805301427841187,1.4246180057525635,0.13163693249225616,5.952035903930664,1.1974596977233887,0.008664140477776527,5.952035903930664,0.008664140477776527,5.960700035095215,5.960700194519687,0.8609067797660828,0.09024736285209656,1.139776349067688,0.8211236596107483,0.11587467789649963,1.9733341932296753,0.8609067797660828,0.0067134699784219265,1.9733341932296753,0.0067134699784219265,1.9800477027893066,1.980047606133126
1,103,1.1544427871704102,0.10019620507955551,1.6584347486495972,1.5407629013061523,0.12798413634300232,5.124355792999268,1.1544427871704102,0.008189970627427101,5.124355792999268,0.008189970627427101,5.1325459480285645,5.132545870470714,1.126153588294983,0.09489152580499649,1.7711578607559204,0.9477897882461548,0.12329912930727005,4.035306453704834,1.126153588294983,0.007601337041705847,4.035306453704834,0.007601337041705847,4.04290771484375,4.042907347550264
1,104,1.1592910289764404,0.09791804850101471,1.8541674613952637,1.411566972732544,0.12538310885429382,5.430458068847656,1.1592910289764404,0.007860462181270123,5.430458068847656,0.007860462181270123,5.438318729400635,5.438318182186908,1.0565786361694336,0.09265021979808807,1.6480143070220947,0.8915479183197021,0.11706732958555222,3.5108084678649902,1.0565786361694336,0.006852380465716124,3.5108084678649902,0.006852380465716124,3.5176608562469482,3.517661056003055
1,105,1.151940941810608,0.09855564683675766,1.5540145635604858,1.4171953201293945,0.128519207239151,4.423403263092041,1.151940941810608,0.008258593268692493,4.423403263092041,0.008258593268692493,4.431662082672119,4.431661993624216,1.1628100872039795,0.10064540058374405,1.8008904457092285,1.1023732423782349,0.12400349229574203,4.458433151245117,1.1628100872039795,0.007688432931900024,4.458433151245117,0.007688432931900024,4.466121673583984,4.466121390059188
1,106,1.2031198740005493,0.09907269477844238,1.9534544944763184,1.4858572483062744,0.12915323674678802,6.02375602722168,1.2031198740005493,0.008340280503034592,6.02375602722168,0.008340280503034592,6.0320963859558105,6.0320959306625,0.9458454251289368,0.09056277573108673,1.2446796894073486,0.9575331211090088,0.11438249051570892,2.466097354888916,0.9458454251289368,0.006541677284985781,2.466097354888916,0.006541677284985781,2.4726390838623047,2.472639019424851
1,107,1.1979830265045166,0.09227258712053299,1.7250123023986816,1.4853841066360474,0.12126276642084122,5.182033538818359,1.1979830265045166,0.007352329324930906,5.182033538818359,0.007352329324930906,5.189385890960693,5.1893855749842634,1.581984281539917,0.09927583485841751,3.1631808280944824,1.4141530990600586,0.12636999785900116,12.005542755126953,1.581984281539917,0.007984689436852932,12.005542755126953,0.007984689436852932,12.013527870178223,12.013527689753351
1,108,1.2375521659851074,0.09609387069940567,1.7742825746536255,1.438844084739685,0.12484907358884811,5.218350887298584,1.2375521659851074,0.007793644908815622,5.218350887298584,0.007793644908815622,5.226144313812256,5.226144325302307,0.9900925159454346,0.08045484870672226,1.440178394317627,0.9120002388954163,0.1136416494846344,2.905858039855957,0.9900925159454346,0.006457212846726179,2.905858039855957,0.006457212846726179,2.9123153686523438,2.9123153944273255
1,109,1.1864041090011597,0.09312380105257034,1.7183144092559814,1.4194371700286865,0.12243205308914185,4.967406272888184,1.1864041090011597,0.0074948035180568695,4.967406272888184,0.0074948035180568695,4.97490119934082,4.974901130400508,1.0291160345077515,0.08865755051374435,1.4291468858718872,1.0115528106689453,0.11469469219446182,3.065700054168701,1.0291160345077515,0.006577436346560717,3.065700054168701,0.006577436346560717,3.072277545928955,3.0722775201539734
1,110,1.1631041765213013,0.09705552458763123,1.7590644359588623,1.504159927368164,0.12682263553142548,5.356804370880127,1.1631041765213013,0.008041990920901299,5.356804370880127,0.008041990920901299,5.364846229553223,5.364846508186984,1.200551152229309,0.09489267319440842,2.1450133323669434,0.9464362859725952,0.12626734375953674,5.496823310852051,1.200551152229309,0.007971721701323986,5.496823310852051,0.007971721701323986,5.504795074462891,5.504795435312632
1,111,1.1718735694885254,0.09436825662851334,1.619885802268982,1.4930932521820068,0.12486059963703156,4.853357791900635,1.1718735694885254,0.007795084733515978,4.853357791900635,0.007795084733515978,4.861152648925781,4.861152748745608,1.0033135414123535,0.08315768092870712,1.2615159749984741,1.0178008079528809,0.11188410967588425,2.6273410320281982,1.0033135414123535,0.006259026471525431,2.6273410320281982,0.006259026471525431,2.6335999965667725,2.6336000158980086
1,112,1.1545313596725464,0.09734142571687698,1.7221094369888306,1.47110915184021,0.1263599395751953,5.129822731018066,1.1545313596725464,0.007983416318893433,5.129822731018066,0.007983416318893433,5.137805938720703,5.137806250388364,1.001222014427185,0.09379731863737106,1.2502822875976562,1.0093108415603638,0.1214747279882431,2.5819144248962402,1.001222014427185,0.00737805524840951,2.5819144248962402,0.00737805524840951,2.589292526245117,2.5892923522639917
1,113,1.1615359783172607,0.09668352454900742,1.545947551727295,1.4551483392715454,0.1258649080991745,4.507410526275635,1.1615359783172607,0.007920987904071808,4.507410526275635,0.007920987904071808,4.515331745147705,4.515331760946527,1.1654876470565796,0.09004812687635422,2.042308807373047,1.0720994472503662,0.1161130964756012,5.3204240798950195,1.1654876470565796,0.0067411260679364204,5.3204240798950195,0.0067411260679364204,5.327165126800537,5.327164198901202
1,114,1.150469422340393,0.09714427590370178,1.677362084388733,1.47871732711792,0.12656305730342865,5.000147819519043,1.150469422340393,0.008009104058146477,5.000147819519043,0.008009104058146477,5.008156776428223,5.008156961705311,1.0200015306472778,0.08971544355154037,1.2093355655670166,0.95149827003479,0.11685637384653091,2.3678414821624756,1.0200015306472778,0.006827705539762974,2.3678414821624756,0.006827705539762974,2.374669075012207,2.3746693843119853
1,115,1.187927484512329,0.09922728687524796,1.7940597534179688,1.4985264539718628,0.12824448943138123,5.464231491088867,1.187927484512329,0.00822332501411438,5.464231491088867,0.00822332501411438,5.472455024719238,5.472454787736916,1.0894815921783447,0.08839638531208038,1.480644941329956,1.0904808044433594,0.11887135356664658,3.381458044052124,1.0894815921783447,0.007065199315547943,3.381458044052124,0.007065199315547943,3.3885233402252197,3.3885233853314376
1,116,1.1548573970794678,0.09508673846721649,1.776168942451477,1.3796714544296265,0.12336030602455139,5.058269500732422,1.1548573970794678,0.007608882617205381,5.058269500732422,0.007608882617205381,5.065878391265869,5.065878086779491,1.0967499017715454,0.08345187455415726,1.9486945867538452,0.924134373664856,0.11335399001836777,4.651433944702148,1.0967499017715454,0.006424563005566597,4.651433944702148,0.006424563005566597,4.657858371734619,4.657859112765338
1,117,1.1940107345581055,0.09823495894670486,1.793514370918274,1.4602068662643433,0.1274055540561676,5.348897933959961,1.1940107345581055,0.008116086944937706,5.348897933959961,0.008116086944937706,5.357014179229736,5.357014098799373,1.0501317977905273,0.09666179865598679,1.3166524171829224,0.8997567892074585,0.12341165542602539,2.543135404586792,1.0501317977905273,0.0076152184046804905,2.543135404586792,0.0076152184046804905,2.550750732421875,2.550750783971838
1,118,1.1838468313217163,0.09914694726467133,1.6261675357818604,1.3633508682250977,0.1293286830186844,4.503145694732666,1.1838468313217163,0.008362953551113605,4.503145694732666,0.008362953551113605,4.511508464813232,4.51150900771819,1.170342206954956,0.10008041560649872,1.8828022480010986,1.2253705263137817,0.12810924649238586,5.0464768409729,1.170342206954956,0.008205989375710487,5.0464768409729,0.008205989375710487,5.054682731628418,5.054683234240557
1,119,1.234397292137146,0.10003973543643951,1.8738876581192017,1.5438191890716553,0.1288674920797348,5.894832611083984,1.234397292137146,0.008303415030241013,5.894832611083984,0.008303415030241013,5.903136253356934,5.903135944561786,1.1050324440002441,0.0960351750254631,1.5408670902252197,0.8677175641059875,0.12499112635850906,3.1272056102752686,1.1050324440002441,0.007811390794813633,3.1272056102752686,0.007811390794813633,3.135016918182373,3.135016776419975
1,120,1.2294907569885254,0.09929141402244568,1.6871711015701294,1.4114329814910889,0.1276571899652481,4.83868932723999,1.2294907569885254,0.00814817938953638,4.83868932723999,0.00814817938953638,4.846837520599365,4.8468371888241135,1.020168662071228,0.10077307373285294,1.249758243560791,0.9871982336044312,0.12784722447395325,2.5364561080932617,1.020168662071228,0.008172456175088882,2.5364561080932617,0.008172456175088882,2.544628620147705,2.5446283881728715
1,121,1.2073992490768433,0.10839072614908218,1.6151431798934937,1.4562889337539673,0.1378880739212036,4.729465484619141,1.2073992490768433,0.009506559930741787,4.729465484619141,0.009506559930741787,4.738972187042236,4.738971891173398,1.1677812337875366,0.10142891108989716,1.487772822380066,1.218056082725525,0.1276359111070633,3.6971282958984375,1.1677812337875366,0.008145462721586227,3.6971282958984375,0.008145462721586227,3.7052738666534424,3.705273976197114
1,122,1.2056761980056763,0.09915993362665176,1.71506929397583,1.443257212638855,0.13036660850048065,5.0244550704956055,1.2056761980056763,0.008497726172208786,5.0244550704956055,0.008497726172208786,5.032952785491943,5.032952570053468,1.118496298789978,0.09732630103826523,1.9919670820236206,0.9895001649856567,0.12195347249507904,4.947043418884277,1.118496298789978,0.007436324842274189,4.947043418884277,0.007436324842274189,4.954479694366455,4.954479849016344
1,123,1.1650604009628296,0.1040864959359169,1.5973196029663086,1.4629836082458496,0.13195931911468506,4.691751003265381,1.1650604009628296,0.00870663020759821,4.691751003265381,0.00870663020759821,4.700457572937012,4.700457685683147,1.0071898698806763,0.09990716725587845,1.3181520700454712,1.0349534749984741,0.12535294890403748,2.8086535930633545,1.0071898698806763,0.007856681011617184,2.8086535930633545,0.007856681011617184,2.8165102005004883,2.8165101231755436
1,124,1.1821471452713013,0.10302986949682236,1.6394394636154175,1.3960630893707275,0.13154569268226624,4.636754989624023,1.1821471452713013,0.008652135729789734,4.636754989624023,0.008652135729789734,4.645407199859619,4.645406636847071,1.1370335817337036,0.09564308822154999,1.4652725458145142,1.2022762298583984,0.12601810693740845,3.592491865158081,1.1370335817337036,0.007940282113850117,3.592491865158081,0.007940282113850117,3.6004321575164795,3.600432099522771
1,125,1.2129462957382202,0.10241664946079254,1.8478235006332397,1.453726053237915,0.131837397813797,5.527770519256592,1.2129462957382202,0.008690549992024899,5.527770519256592,0.008690549992024899,5.536460876464844,5.536461522780269,1.035832405090332,0.10442588478326797,1.7096662521362305,0.8853741884231567,0.12973271310329437,3.706845998764038,1.035832405090332,0.008415289223194122,3.706845998764038,0.008415289223194122,3.715261220932007,3.715261195157025
1,126,1.1813992261886597,0.10593586415052414,1.5018303394317627,1.4139611721038818,0.13374049961566925,4.2547807693481445,1.1813992261886597,0.008943261578679085,4.2547807693481445,0.008943261578679085,4.263723850250244,4.263723906264247,1.0433642864227295,0.09569012373685837,1.4568325281143188,1.091421127319336,0.12077128887176514,3.313561201095581,1.0433642864227295,0.007292852271348238,3.313561201095581,0.007292852271348238,3.3208539485931396,3.3208538261619776
1,127,1.175052285194397,0.10015595704317093,1.6210285425186157,1.4629391431808472,0.1279912292957306,4.7679243087768555,1.175052285194397,0.008190876804292202,4.7679243087768555,0.008190876804292202,4.776115417480469,4.776115211377661,1.059505581855774,0.09651994705200195,1.5384660959243774,0.9789887070655823,0.11973966658115387,3.3252968788146973,1.059505581855774,0.007168794050812721,3.3252968788146973,0.007168794050812721,3.332465648651123,3.3324655842136695
1,128,1.1523889303207397,0.1023491770029068,1.612065315246582,1.3642300367355347,0.13069067895412445,4.459877967834473,1.1523889303207397,0.008540026843547821,4.459877967834473,0.008540026843547821,4.468418121337891,4.468417816851512,1.084912657737732,0.10035645216703415,1.7464793920516968,1.2205960750579834,0.12494047731161118,4.540045261383057,1.084912657737732,0.007805061526596546,4.540045261383057,0.007805061526596546,4.547850131988525,4.547850312413396
1,129,1.188368558883667,0.10462120920419693,1.5703556537628174,1.4760040044784546,0.13353633880615234,4.644604682922363,1.188368558883667,0.00891597755253315,4.644604682922363,0.00891597755253315,4.653520584106445,4.6535203528691484,1.2863506078720093,0.1055549755692482,2.6630187034606934,1.015726923942566,0.1350853145122528,8.123370170593262,1.2863506078720093,0.009124021045863628,8.123370170593262,0.009124021045863628,8.13249397277832,8.13249412742821
1,130,1.1591823101043701,0.10368925333023071,1.7075501680374146,1.3868072032928467,0.13063544034957886,4.838962078094482,1.1591823101043701,0.008532810024917126,4.838962078094482,0.008532810024917126,4.847495079040527,4.847494964140007,1.109833836555481,0.10249065607786179,1.6456481218338013,1.1110426187515259,0.13111476600170135,3.942572832107544,1.109833836555481,0.0085955411195755,3.942572832107544,0.0085955411195755,3.9511682987213135,3.951168743339745
1,131,1.1867094039916992,0.09917318820953369,1.6347157955169678,1.4386259317398071,0.1279311627149582,4.741940021514893,1.1867094039916992,0.0081831905990839,4.741940021514893,0.0081831905990839,4.750123023986816,4.750123114470976,0.9182879328727722,0.09137683361768723,1.329501986503601,0.9000384211540222,0.11732625961303711,2.5776453018188477,0.9182879328727722,0.006882726214826107,2.5776453018188477,0.006882726214826107,2.5845279693603516,2.5845278018229716
1,132,1.1572139263153076,0.09530004113912582,1.8030961751937866,1.3283231258392334,0.12438056617975235,5.015597343444824,1.1572139263153076,0.0077352626249194145,5.015597343444824,0.0077352626249194145,5.023332595825195,5.023333218442389,1.0276068449020386,0.08180419355630875,1.7666343450546265,1.075410008430481,0.11014854162931442,4.277503490447998,1.0276068449020386,0.006066350731998682,4.277503490447998,0.006066350731998682,4.283569812774658,4.283569864324622
